{
  "accuracy": 0.956140350877193,
  "f1": 0.9655172413793104,
  "roc_auc": 0.9933862433862434
}